INSERT INTO teams (team_name) VALUES
                                  ('backend'),
                                  ('frontend'),
                                  ('mobile'),
                                  ('devops'),
                                  ('data');

INSERT INTO users (user_id, username, team_name, is_active) VALUES
('u1', 'Alice Johnson', 'backend', true),
('u2', 'Bob Smith', 'backend', true),
('u3', 'Carol White', 'backend', true),
('u4', 'David Brown', 'backend', false),
('u5', 'Eve Davis', 'backend', true),
('u6', 'Frank Miller', 'backend', true),
('u7', 'Grace Wilson', 'backend', true),
('u8', 'Henry Moore', 'backend', false),
('u9', 'Ivy Taylor', 'backend', true),
('u10', 'Jack Anderson', 'backend', true),

('u11', 'Kate Thomas', 'frontend', true),
('u12', 'Leo Jackson', 'frontend', true),
('u13', 'Mia Harris', 'frontend', true),
('u14', 'Noah Martin', 'frontend', false),
('u15', 'Olivia Garcia', 'frontend', true),
('u16', 'Paul Martinez', 'frontend', true),
('u17', 'Quinn Robinson', 'frontend', true),
('u18', 'Ruby Clark', 'frontend', true),
('u19', 'Sam Rodriguez', 'frontend', false),
('u20', 'Tina Lewis', 'frontend', true),

('u21', 'Uma Walker', 'mobile', true),
('u22', 'Victor Hall', 'mobile', true),
('u23', 'Wendy Allen', 'mobile', true),
('u24', 'Xander Young', 'mobile', false),
('u25', 'Yara King', 'mobile', true),
('u26', 'Zack Wright', 'mobile', true),
('u27', 'Amy Lopez', 'mobile', true),
('u28', 'Ben Hill', 'mobile', true),
('u29', 'Cara Scott', 'mobile', false),
('u30', 'Dan Green', 'mobile', true),

('u31', 'Ella Adams', 'devops', true),
('u32', 'Finn Baker', 'devops', true),
('u33', 'Gina Nelson', 'devops', true),
('u34', 'Hank Carter', 'devops', false),
('u35', 'Iris Mitchell', 'devops', true),
('u36', 'Jake Perez', 'devops', true),
('u37', 'Kara Roberts', 'devops', true),
('u38', 'Liam Turner', 'devops', true),
('u39', 'Maya Phillips', 'devops', false),
('u40', 'Nate Campbell', 'devops', true),

('u41', 'Oscar Parker', 'data', true),
('u42', 'Pam Evans', 'data', true),
('u43', 'Quinn Edwards', 'data', true),
('u44', 'Rose Collins', 'data', false),
('u45', 'Steve Stewart', 'data', true),
('u46', 'Tara Sanchez', 'data', true),
('u47', 'Umar Morris', 'data', true),
('u48', 'Vera Rogers', 'data', true),
('u49', 'Will Reed', 'data', false),
('u50', 'Zoe Cook', 'data', true);


INSERT INTO users (user_id, username, team_name, is_active) VALUES
('u51', 'Aaron Morgan', NULL, true),
('u52', 'Bella Bailey', NULL, true),
('u53', 'Connor Rivera', NULL, true),
('u54', 'Diana Cooper', NULL, false),
('u55', 'Ethan Richardson', NULL, true),
('u56', 'Fiona Cox', NULL, true),
('u57', 'George Howard', NULL, true),
('u58', 'Hannah Ward', NULL, false),
('u59', 'Ian Torres', NULL, true),
('u60', 'Jessica Peterson', NULL, true),

('u61', 'Kevin Gray', NULL, true),
('u62', 'Laura Ramirez', NULL, true),
('u63', 'Mason James', NULL, true),
('u64', 'Nina Watson', NULL, false),
('u65', 'Owen Brooks', NULL, true),
('u66', 'Penny Kelly', NULL, true),
('u67', 'Quincy Sanders', NULL, true),
('u68', 'Rachel Price', NULL, true),
('u69', 'Simon Bennett', NULL, false),
('u70', 'Tracy Wood', NULL, true),

('u71', 'Ulysses Barnes', NULL, true),
('u72', 'Valerie Ross', NULL, true),
('u73', 'Walter Henderson', NULL, true),
('u74', 'Xena Coleman', NULL, false),
('u75', 'Yuri Jenkins', NULL, true),
('u76', 'Zelda Perry', NULL, true),
('u77', 'Adrian Powell', NULL, true),
('u78', 'Bridget Long', NULL, false),
('u79', 'Curtis Patterson', NULL, true),
('u80', 'Donna Hughes', NULL, true),

('u81', 'Edwin Flores', NULL, true),
('u82', 'Felicia Washington', NULL, true),
('u83', 'Gerald Butler', NULL, true),
('u84', 'Heidi Simmons', NULL, false),
('u85', 'Ivan Foster', NULL, true),
('u86', 'Joyce Gonzales', NULL, true),
('u87', 'Keith Bryant', NULL, true),
('u88', 'Linda Alexander', NULL, true),
('u89', 'Marcus Russell', NULL, false),
('u90', 'Nancy Griffin', NULL, true),

('u91', 'Oliver Diaz', NULL, true),
('u92', 'Patricia Hayes', NULL, true),
('u93', 'Quentin Myers', NULL, true),
('u94', 'Regina Ford', NULL, false),
('u95', 'Stanley Hamilton', NULL, true),
('u96', 'Theresa Graham', NULL, true),
('u97', 'Ulrich Sullivan', NULL, true),
('u98', 'Vanessa Wallace', NULL, false),
('u99', 'Warren Woods', NULL, true),
('u100', 'Yvonne Kennedy', NULL, true);


INSERT INTO pull_requests (pull_request_id, pull_request_name, author_id, status, created_at, merged_at) VALUES
('pr-1001', 'Add authentication middleware', 'u1', 'OPEN', '2025-11-10 10:00:00+00', NULL),
('pr-1002', 'Fix database connection pool', 'u2', 'OPEN', '2025-11-11 11:30:00+00', NULL),
('pr-1003', 'Implement user registration', 'u3', 'MERGED', '2025-11-08 09:15:00+00', '2025-11-12 14:20:00+00'),
('pr-1004', 'Add logging to API endpoints', 'u5', 'OPEN', '2025-11-12 15:45:00+00', NULL),
('pr-1005', 'Optimize query performance', 'u6', 'MERGED', '2025-11-05 08:00:00+00', '2025-11-09 16:30:00+00'),
('pr-1006', 'Update dependencies', 'u7', 'OPEN', '2025-11-13 12:00:00+00', NULL),
('pr-1007', 'Add rate limiting', 'u9', 'OPEN', '2025-11-14 10:30:00+00', NULL),
('pr-1008', 'Fix memory leak in worker', 'u10', 'MERGED', '2025-11-07 14:00:00+00', '2025-11-10 11:00:00+00'),

('pr-2001', 'Redesign login page', 'u11', 'OPEN', '2025-11-10 09:00:00+00', NULL),
('pr-2002', 'Add dark mode support', 'u12', 'OPEN', '2025-11-11 13:20:00+00', NULL),
('pr-2003', 'Fix responsive layout', 'u13', 'MERGED', '2025-11-08 10:45:00+00', '2025-11-11 15:30:00+00'),
('pr-2004', 'Implement infinite scroll', 'u15', 'OPEN', '2025-11-12 11:15:00+00', NULL),
('pr-2005', 'Update component library', 'u16', 'OPEN', '2025-11-13 14:30:00+00', NULL),
('pr-2006', 'Add accessibility features', 'u17', 'MERGED', '2025-11-06 09:30:00+00', '2025-11-09 12:00:00+00'),
('pr-2007', 'Fix CSS animations', 'u18', 'OPEN', '2025-11-14 08:45:00+00', NULL),
('pr-2008', 'Optimize bundle size', 'u20', 'OPEN', '2025-11-15 10:00:00+00', NULL),

('pr-3001', 'Add push notifications', 'u21', 'OPEN', '2025-11-10 11:30:00+00', NULL),
('pr-3002', 'Fix crash on Android 14', 'u22', 'MERGED', '2025-11-07 13:00:00+00', '2025-11-10 09:30:00+00'),
('pr-3003', 'Implement biometric auth', 'u23', 'OPEN', '2025-11-11 15:00:00+00', NULL),
('pr-3004', 'Update SDK dependencies', 'u25', 'OPEN', '2025-11-12 09:45:00+00', NULL),
('pr-3005', 'Add offline mode', 'u26', 'MERGED', '2025-11-05 14:20:00+00', '2025-11-08 16:45:00+00'),
('pr-3006', 'Fix memory usage', 'u27', 'OPEN', '2025-11-13 10:15:00+00', NULL),
('pr-3007', 'Improve app startup time', 'u28', 'OPEN', '2025-11-14 12:30:00+00', NULL),
('pr-3008', 'Add deep linking', 'u30', 'OPEN', '2025-11-15 11:00:00+00', NULL),

('pr-4001', 'Update CI/CD pipeline', 'u31', 'OPEN', '2025-11-10 08:30:00+00', NULL),
('pr-4002', 'Add monitoring alerts', 'u32', 'MERGED', '2025-11-06 10:00:00+00', '2025-11-09 14:15:00+00'),
('pr-4003', 'Configure auto-scaling', 'u33', 'OPEN', '2025-11-11 14:45:00+00', NULL),
('pr-4004', 'Setup backup automation', 'u35', 'OPEN', '2025-11-12 13:30:00+00', NULL),
('pr-4005', 'Improve deployment process', 'u36', 'MERGED', '2025-11-07 11:20:00+00', '2025-11-10 15:00:00+00'),
('pr-4006', 'Add security scanning', 'u37', 'OPEN', '2025-11-13 09:00:00+00', NULL),
('pr-4007', 'Update infrastructure code', 'u38', 'OPEN', '2025-11-14 13:15:00+00', NULL),
('pr-4008', 'Configure CDN', 'u40', 'OPEN', '2025-11-15 08:30:00+00', NULL),

('pr-5001', 'Add data pipeline', 'u41', 'OPEN', '2025-11-10 12:45:00+00', NULL),
('pr-5002', 'Fix ETL job performance', 'u42', 'MERGED', '2025-11-06 15:30:00+00', '2025-11-09 10:45:00+00'),
('pr-5003', 'Implement data validation', 'u43', 'OPEN', '2025-11-11 10:00:00+00', NULL),
('pr-5004', 'Add analytics dashboard', 'u45', 'OPEN', '2025-11-12 14:20:00+00', NULL),
('pr-5005', 'Optimize data warehouse', 'u46', 'MERGED', '2025-11-05 09:45:00+00', '2025-11-08 13:30:00+00'),
('pr-5006', 'Add data quality checks', 'u47', 'OPEN', '2025-11-13 11:30:00+00', NULL),
('pr-5007', 'Implement ML model', 'u48', 'OPEN', '2025-11-14 15:00:00+00', NULL),
('pr-5008', 'Update schema migration', 'u50', 'OPEN', '2025-11-15 09:15:00+00', NULL);



INSERT INTO pr_reviewers (pull_request_id, reviewer_id, assigned_at) VALUES
('pr-1001', 'u2', '2025-11-10 10:00:00+00'),
('pr-1001', 'u3', '2025-11-10 10:00:00+00'),
('pr-1002', 'u1', '2025-11-11 11:30:00+00'),
('pr-1002', 'u5', '2025-11-11 11:30:00+00'),
('pr-1003', 'u6', '2025-11-08 09:15:00+00'),
('pr-1003', 'u7', '2025-11-08 09:15:00+00'),
('pr-1004', 'u9', '2025-11-12 15:45:00+00'),
('pr-1004', 'u10', '2025-11-12 15:45:00+00'),
('pr-1005', 'u1', '2025-11-05 08:00:00+00'),
('pr-1005', 'u2', '2025-11-05 08:00:00+00'),
('pr-1006', 'u5', '2025-11-13 12:00:00+00'),
('pr-1006', 'u6', '2025-11-13 12:00:00+00'),
('pr-1007', 'u1', '2025-11-14 10:30:00+00'),
('pr-1007', 'u3', '2025-11-14 10:30:00+00'),
('pr-1008', 'u5', '2025-11-07 14:00:00+00'),
('pr-1008', 'u7', '2025-11-07 14:00:00+00'),

('pr-2001', 'u12', '2025-11-10 09:00:00+00'),
('pr-2001', 'u13', '2025-11-10 09:00:00+00'),
('pr-2002', 'u15', '2025-11-11 13:20:00+00'),
('pr-2002', 'u16', '2025-11-11 13:20:00+00'),
('pr-2003', 'u11', '2025-11-08 10:45:00+00'),
('pr-2003', 'u17', '2025-11-08 10:45:00+00'),
('pr-2004', 'u12', '2025-11-12 11:15:00+00'),
('pr-2004', 'u18', '2025-11-12 11:15:00+00'),
('pr-2005', 'u11', '2025-11-13 14:30:00+00'),
('pr-2005', 'u20', '2025-11-13 14:30:00+00'),
('pr-2006', 'u13', '2025-11-06 09:30:00+00'),
('pr-2006', 'u15', '2025-11-06 09:30:00+00'),
('pr-2007', 'u16', '2025-11-14 08:45:00+00'),
('pr-2007', 'u17', '2025-11-14 08:45:00+00'),
('pr-2008', 'u11', '2025-11-15 10:00:00+00'),
('pr-2008', 'u12', '2025-11-15 10:00:00+00'),

-- Mobile PRs
('pr-3001', 'u22', '2025-11-10 11:30:00+00'),
('pr-3001', 'u23', '2025-11-10 11:30:00+00'),
('pr-3002', 'u25', '2025-11-07 13:00:00+00'),
('pr-3002', 'u26', '2025-11-07 13:00:00+00'),
('pr-3003', 'u21', '2025-11-11 15:00:00+00'),
('pr-3003', 'u27', '2025-11-11 15:00:00+00'),
('pr-3004', 'u22', '2025-11-12 09:45:00+00'),
('pr-3004', 'u28', '2025-11-12 09:45:00+00'),
('pr-3005', 'u21', '2025-11-05 14:20:00+00'),
('pr-3005', 'u30', '2025-11-05 14:20:00+00'),
('pr-3006', 'u23', '2025-11-13 10:15:00+00'),
('pr-3006', 'u25', '2025-11-13 10:15:00+00'),
('pr-3007', 'u26', '2025-11-14 12:30:00+00'),
('pr-3007', 'u27', '2025-11-14 12:30:00+00'),
('pr-3008', 'u21', '2025-11-15 11:00:00+00'),
('pr-3008', 'u22', '2025-11-15 11:00:00+00'),

-- DevOps PRs
('pr-4001', 'u32', '2025-11-10 08:30:00+00'),
('pr-4001', 'u33', '2025-11-10 08:30:00+00'),
('pr-4002', 'u35', '2025-11-06 10:00:00+00'),
('pr-4002', 'u36', '2025-11-06 10:00:00+00'),
('pr-4003', 'u31', '2025-11-11 14:45:00+00'),
('pr-4003', 'u37', '2025-11-11 14:45:00+00'),
('pr-4004', 'u32', '2025-11-12 13:30:00+00'),
('pr-4004', 'u38', '2025-11-12 13:30:00+00'),
('pr-4005', 'u31', '2025-11-07 11:20:00+00'),
('pr-4005', 'u40', '2025-11-07 11:20:00+00'),
('pr-4006', 'u33', '2025-11-13 09:00:00+00'),
('pr-4006', 'u35', '2025-11-13 09:00:00+00'),
('pr-4007', 'u36', '2025-11-14 13:15:00+00'),
('pr-4007', 'u37', '2025-11-14 13:15:00+00'),
('pr-4008', 'u31', '2025-11-15 08:30:00+00'),
('pr-4008', 'u32', '2025-11-15 08:30:00+00'),

-- Data PRs
('pr-5001', 'u42', '2025-11-10 12:45:00+00'),
('pr-5001', 'u43', '2025-11-10 12:45:00+00'),
('pr-5002', 'u45', '2025-11-06 15:30:00+00'),
('pr-5002', 'u46', '2025-11-06 15:30:00+00'),
('pr-5003', 'u41', '2025-11-11 10:00:00+00'),
('pr-5003', 'u47', '2025-11-11 10:00:00+00'),
('pr-5004', 'u42', '2025-11-12 14:20:00+00'),
('pr-5004', 'u48', '2025-11-12 14:20:00+00'),
('pr-5005', 'u41', '2025-11-05 09:45:00+00'),
('pr-5005', 'u50', '2025-11-05 09:45:00+00'),
('pr-5006', 'u43', '2025-11-13 11:30:00+00'),
('pr-5006', 'u45', '2025-11-13 11:30:00+00'),
('pr-5007', 'u46', '2025-11-14 15:00:00+00'),
('pr-5007', 'u47', '2025-11-14 15:00:00+00'),
('pr-5008', 'u41', '2025-11-15 09:15:00+00'),
('pr-5008', 'u42', '2025-11-15 09:15:00+00');